accept_utc,filing_date
2026-09-29T09:16:12.000Z,2026-09-29
2026-06-23T13:16:37.000Z,2026-06-23
2026-03-27T13:18:08.000Z,2026-03-27
2025-12-19T14:17:01.000Z,2025-12-19
2025-09-29T13:16:55.000Z,2025-09-29
2025-06-24T13:17:19.000Z,2025-06-24
2025-03-21T13:16:42.000Z,2025-03-21
2024-12-20T14:17:22.000Z,2024-12-20
2024-09-30T13:17:30.000Z,2024-09-30
2024-06-25T13:17:28.000Z,2024-06-25
2024-03-27T13:18:07.000Z,2024-03-27
2023-12-21T14:18:51.000Z,2023-12-21
2023-09-29T13:16:06.000Z,2023-09-29
2023-06-26T13:16:18.000Z,2023-06-26
2023-03-27T13:15:56.000Z,2023-03-27
2022-12-21T14:16:07.000Z,2022-12-21
2022-09-30T13:15:52.000Z,2022-09-30
2022-06-24T13:17:21.000Z,2022-06-24
2022-03-22T13:15:57.000Z,2022-03-22
2021-12-20T14:17:45.000Z,2021-12-20
2021-09-24T13:16:14.000Z,2021-09-24
2021-06-24T13:15:08.000Z,2021-06-24
2021-04-07T13:15:30.000Z,2021-04-07
2021-01-11T14:15:26.000Z,2021-01-11
2020-10-08T13:15:51.000Z,2020-10-08
2020-09-15T11:00:40.000Z,2020-09-15
2020-07-10T13:15:40.000Z,2020-07-10
2020-06-18T10:03:06.000Z,2020-06-18
2020-03-31T10:48:54.000Z,2020-03-31
2020-03-19T21:20:45.000Z,2020-03-19
2019-12-20T14:17:01.000Z,2019-12-20
2019-09-26T13:16:54.000Z,2019-09-26
2019-06-20T10:48:56.000Z,2019-06-20
2019-03-26T13:16:25.000Z,2019-03-26
2018-12-20T14:16:11.000Z,2018-12-20
2018-09-27T13:16:23.000Z,2018-09-27
2018-06-25T13:17:44.000Z,2018-06-25
2018-03-22T13:15:58.000Z,2018-03-22
2017-12-19T14:18:13.000Z,2017-12-19
2017-09-26T13:15:21.000Z,2017-09-26
2017-06-22T12:50:04.000Z,2017-06-22
2017-03-28T13:31:48.000Z,2017-03-28
2016-12-20T14:24:11.000Z,2016-12-20
2016-09-26T13:21:08.000Z,2016-09-26
2016-06-28T13:32:12.000Z,2016-06-28
2016-03-30T13:30:05.000Z,2016-03-30
2015-12-18T14:26:07.000Z,2015-12-18
2015-09-22T13:30:37.000Z,2015-09-22
2015-06-23T13:24:35.000Z,2015-06-23
2015-03-27T13:23:34.000Z,2015-03-27
2014-12-19T14:21:36.000Z,2014-12-19
2014-09-23T13:26:54.000Z,2014-09-23
2014-06-24T13:26:36.000Z,2014-06-24
2014-03-25T13:27:36.000Z,2014-03-25
2013-12-19T14:31:36.000Z,2013-12-19
2013-09-24T13:29:06.000Z,2013-09-24
2013-06-25T13:08:23.000Z,2013-06-25
2013-03-15T13:32:47.000Z,2013-03-15
2012-12-20T14:24:40.000Z,2012-12-20
2012-09-25T13:38:39.000Z,2012-09-25
2012-06-22T13:22:47.000Z,2012-06-22
2012-03-09T14:19:54.000Z,2012-03-09
2011-12-20T14:23:39.000Z,2011-12-20
2011-09-20T13:26:39.000Z,2011-09-20
2011-06-21T13:21:56.000Z,2011-06-21
2011-03-22T13:42:03.000Z,2011-03-22
2011-03-11T21:43:34.000Z,2011-03-11
2010-12-21T14:24:41.000Z,2010-12-21
2010-09-21T13:20:44.000Z,2010-09-21
2010-06-22T13:19:34.000Z,2010-06-22
2010-03-23T13:21:25.000Z,2010-03-23
